[花邊] 尼克楊：Jamal Crawford和JR，讓我們一起成為球場之王,18,currykukuo, 2/24
Re: [花邊] 庫班：聯盟的狗屁判罰，20年了還是一個樣,11,chi12345678, 2/24
[Live] 溜馬 @ 暴龍,16,Rambo, 2/24
[Live] 灰狼 @ 金塊,2,Rambo, 2/24
Fw: [外電] Tatum如何改變自己的比賽並成為明星,62,Coetzee, 2/24
[BOX ] Celtics 112:114 Lakers 數據,42,Rambo, 2/24
[Live] 馬刺 @ 雷霆,13,Rambo, 2/24
[Live] 巫師 @ 公牛,4,Rambo, 2/24
[討論] 裁判看慢動作重播還可以判錯是什麼概念？,0,tmacai0103, 2/24
(已被namie810303刪除) <yenchunjen>2.5.2,60,-, 2/24
[BOX ] Pacers 81:127 Raptors 數據,45,Rambo, 2/24
[Live] 鵜鶘 @ 勇士,100,Rambo, 2/24
[Live] 活塞 @ 拓荒者,84,Rambo, 2/24
[BOX ] Timberwolves 116:128 Nuggets 數據,21,Rambo, 2/24
[情報] Jaren Jackson Jr.左膝蓋受傷,47,willy911006, 2/24
(本文已被刪除) [Rambo],7,-, 2/24
[BOX ] Spurs 103:131 Thunder 數據,86,Rambo, 2/24
(本文已被刪除) [ComeAsYouAre],0,-, 2/24
(本文已被刪除) [Kazmier],0,-, 2/24
[花邊] 詹姆斯曬照讚Tatum:年輕的國王,100,Kazmier, 2/24
[BOX ] Wizards 117:126 Bulls 數據,27,Rambo, 2/24
[情報] CP3成為歷史抄截榜第7名,61,NSYSUheng, 2/24
[情報] Beal生涯新高仍輸球後的表情,60,UCAthena, 2/24
[花邊] RHJ搞丟錢包的懸賞：Siakam簽名球衣,26,UCAthena, 2/24
[BOX ] Pelicans 115:101 Warriors 數據,100,Rambo, 2/24
[情報] CP3差一板大三元 開玩笑說:都是教練啦~,61,pneumo, 2/24
[BOX ] Pistons 104:107 Blazers 數據,100,Rambo, 2/24
(本文已被刪除) [Bainite],0,-, 2/24
[情報] 公鹿隊成為史上最快取得季後賽門票的球隊,100,thnlkj0665, 2/24
[花邊] Cuban將被處分,88,Bainite, 2/24
(已被Vedan刪除) <eetee>1-1(150),0,-, 2/24
[情報] J.Okafor加入奈及利亞國家隊,31,jack34031, 2/24
[花邊] 當年力壓KD成為狀元成就卻沒他高　歐登坦,72,fukawa947, 2/24
[新聞] 好甜的瓜！安東尼砍本季新高32分　將追上,48,fukawa947, 2/24
[花邊] Zion談下場對陣LBJ：他沒得到應有的尊重,100,NSYSUheng, 2/24
[新聞] 改寫柯瑞全票MVP賽季紀錄 安戴托昆波展得,32,phoenix286, 2/24
Re: [討論] 裁判看慢動作重播還可以判錯是什麼概,24,aaagun, 2/24
"[情報] NBA Standings (Feb. 24, 2020)",56,a78998042a, 2/24
[討論] 公鹿隊剩餘賽程70勝可能性,53,UCAthena, 2/24
[討論] 這季第一中鋒是阿肥了嗎？,89,efbnm753, 2/24
[新聞] 鄧肯也會說垃圾話　賈奈特：最傷人的是這,84,v21981297, 2/24
[情報] ★今日排名(2020.02.24)★,7,Rambo, 2/24
Re: [討論] 這季第一中鋒是阿肥了嗎？,29,Vedan, 2/24
[情報] 2/25(二) 01:30 Kobe洛杉磯追悼儀式,100,kobe0834k, 2/24
Re: [討論] 這季第一中鋒是阿肥了嗎？,37,ColeNorris, 2/24
[新聞] 超越公牛名將戈登　拉文締造隊史單季三分,28,Gotham, 2/24
Re: [情報] CP3成為歷史抄截榜第7名,23,nuturewind, 2/25
(本文已被刪除) [currykukuo],30,-, 2/25
[情報] Jeremy Lamb ACL撕裂 / 整季報銷,57,Superman007, 2/25
[花邊] Shaq 追思會笑談與Kobe的回憶,27,johnny665, 2/25
[花邊] MJ：多虧Kobe我又要被做成梗圖了,100,blackpanther, 2/25
[花邊] Vanessa Bryant將控告失事直升機公司,0,UCAthena, 2/25
[情報] Kobe追思會2萬人同悲 凡妮莎開口全場揪心,100,currykukuo, 2/25
[花邊] 公鹿球員痛扁巫師吉祥物,66,currykukuo, 2/25
[Live] 尼克 @ 火箭,29,thnlkj0665, 2/25
[討論] 騎士隊為什麼搞氣氛,42,namie810303, 2/25
(本文已被刪除) [enterbenson],1,-, 2/25
[Live] 灰狼 @ 獨行俠,58,thnlkj0665, 2/25
(本文已被刪除) [UCAthena],5,-, 2/25
[情報] MJ：我想要當Kobe最好的兄長,100,shiuichi, 2/25
[Live] 太陽 @ 爵士,10,thnlkj0665, 2/25
[BOX ] Hawks 112:129 Sixers,88,guardyo, 2/25
[BOX ] Magic 115:113 Nets,13,guardyo, 2/25
[情報] Beal連續兩晚刷新生涯新高,67,UCAthena, 2/25
[BOX ] Bucks 137:134 Wizards,51,guardyo, 2/25
[新聞] 回憶Kobe這煩人小老弟 籃球之神喬丹淚流,100,pheobehan, 2/25
[BOX ] Heat 119:125 Cavaliers,64,guardyo, 2/25
[花邊] 籃網球迷在Gordon罰球時喊Wade不喜歡你,91,HEHEHEHEHE, 2/25
[情報] Kobe對南加州街頭的影響,39,nwohippo, 2/25
[情報] Beal背靠背比賽50+，Kobe後首位,30,NSYSUheng, 2/25
[BOX ] Knicks 112:123 Rockets,33,guardyo, 2/25
[Live] 灰熊 vs 快艇,100,wangtinyu, 2/25
(本文已被刪除) [currykukuo],0,-, 2/25
[情報] AD：我搖醒LBJ告知他Kobe死訊,100,karta1992560, 2/25
[BOX ] Timberwolves 123:139 Mavericks,26,guardyo, 2/25
[BOX ] Suns 131:111 Jazz,90,guardyo, 2/25
[BOX ] Grizzlies 97:124 Clippers,71,guardyo, 2/25
(已被Vedan刪除) <peterqlin>1-2,0,-, 2/25
[新聞] 參加追思會後趕回主場出賽　哈登：我必,86,fukawa947, 2/25
[外絮] Dlo說灰狼替他安排的輪休計畫是聰明的,12,pneumo, 2/25
[討論] Mitchell Robinson櫻木式火鍋,51,MartinGarrix, 2/25
[花邊] 總決賽若演世仇之戰　退役名將直言：綠衫,78,fukawa947, 2/25
[新聞] 湖人有意補強外線 傳可能試訓威特斯,64,currykukuo, 2/25
Re: [新聞] 參加追思會後趕回主場出賽　哈登：我必,100,ericcharng, 2/25
Re: [新聞] 參加追思會後趕回主場出賽　哈登：我必,99,hbkhhhdx2006, 2/25
[討論] 三名球員強度決定球隊強度？,29,TYisBRoKen, 2/25
[情報] 軒尼詩(Hennessy)成為聯盟官方贊助商,73,thnlkj0665, 2/25
[新聞] 球迷噓聲變歡呼 安比德：樂在其中,37,bbbyes123, 2/25
"[情報] NBA Standings (Feb. 25, 2020)",25,a78998042a, 2/25
[討論]常態五小的火箭能走多遠,87,justgetup, 2/25
Re: [新聞] 參加追思會後趕回主場出賽　哈登：我必,35,Parazicecum, 2/25
(已被Vedan刪除) <shipinRD>1-2,0,-, 2/25
Re: [情報] 軒尼詩(Hennessy)成為聯盟官方贊助商,11,eapcy, 2/25
[新聞] 歐尼爾追悼布萊恩 全場含淚大笑,7,Intelnet, 2/25
[新聞] 首位菜鳥替補連飆破30分 懷特：祕密就在頭,32,Gotham, 2/25
[情報] ESPN預測: MVP 最佳新秀 總冠軍組合,58,SupHateSpurs, 2/26
[情報] Stephen Curry下星期一對巫師復出,100,NSYSUheng, 2/26
[Live] 黃蜂 @ 溜馬,2,Rambo, 2/26
[Live] 公鹿 @ 暴龍,100,Rambo, 2/26
[情報] Rob Pelinka在Kobe追思會致詞翻譯,100,hannocps, 2/26
[Live] 雷霆 @ 公牛,72,Rambo, 2/26
[新聞] 在自己空間度過布萊恩追悼會 詹姆斯盼繼續前行,59,currykukuo, 2/26
[情報] 76人西門遭遇下背部神經壓迫，兩週後複查,47,sezna, 2/26
[Live] 活塞 @ 金塊,3,Rambo, 2/26
[BOX ] Hornets 80:119 Pacers 數據,25,Rambo, 2/26
[Live] 超賽 @ 拓荒者,17,Rambo, 2/26
[Live] 鵜鶘 @ 湖人,100,Rambo, 2/26
[花邊] Antoine Walker：如果我在現在的NBA打球，能掙3個億,100,currykukuo, 2/26
[Live] 國王 @ 勇士,49,Rambo, 2/26
[BOX ] Bucks 108:97 Raptors 數據,62,Rambo, 2/26
[花邊] Lowry嘗試鑽過Hill胯下,87,UCAthena, 2/26
[BOX ] Thunder 124:122 Bulls 數據,47,Rambo, 2/26
[討論] 2000選秀是史上最弱梯次嗎？,100,Dadaptt, 2/26
Re: [新聞] 參加追思會後趕回主場出賽　哈登：我必,57,GordonJordan, 2/26
[BOX ] Pistons 98:115 Nuggets 數據,25,Rambo, 2/26
[情報] Coby White替補上場連3場30分 史上第3人,54,avrild12, 2/26
[BOX ] Celtics 118:106 Blazers 數據,57,Rambo, 2/26
[新聞] NBA／威金斯首輪籤當包裹 傳勇士尋求交,91,bengowa, 2/26
[BOX ] Pelicans 109:118 Lakers 數據,100,Rambo, 2/26
